{
    "feat_mean": [
        86.21346282958984,
        68.6960220336914,
        106.30484008789062,
        110.2232437133789,
        69.37821960449219,
        76.06968688964844,
        84.06066131591797,
        87.679443359375,
        75.1065673828125,
        88.78929901123047,
        96.05731201171875,
        99.93331909179688,
        90.44406127929688,
        79.69346618652344,
        83.12657165527344,
        87.08696746826172,
        76.7655258178711
    ],
    "feat_std": [
        34.146385192871094,
        45.76911163330078,
        45.657901763916016,
        46.42155838012695,
        45.443294525146484,
        39.18341064453125,
        33.881046295166016,
        34.54021453857422,
        36.720340728759766,
        36.60871124267578,
        37.237396240234375,
        38.15935516357422,
        34.93791961669922,
        44.16337966918945,
        36.51608657836914,
        37.84571075439453,
        40.78468704223633
    ],
    "y_mean": 97.24938201904297,
    "y_std": 1.452173113822937,
    "max_t": 200,
    "n_feats": 17
}